Date,Algerian dinar   (DZD)                     ,Australian dollar   (AUD)                     ,Bahrain dinar   (BHD)                     ,Bolivar Fuerte   (VEF)                     ,Botswana pula   (BWP)                     ,Brazilian real   (BRL)                     ,Brunei dollar   (BND)                     ,Canadian dollar   (CAD)                     ,Chilean peso   (CLP)                     ,Chinese yuan   (CNY)                     ,Colombian peso   (COP)                     ,Czech koruna   (CZK)                     ,Danish krone   (DKK)                     ,Euro   (EUR)                     ,Hungarian forint   (HUF)                     ,Icelandic krona   (ISK)                     ,Indian rupee   (INR)                     ,Indonesian rupiah   (IDR)                     ,Iranian rial   (IRR)                     ,Israeli New Shekel   (ILS)                     ,Japanese yen   (JPY)                     ,Kazakhstani tenge   (KZT)                     ,Korean won   (KRW)                     ,Kuwaiti dinar   (KWD)                     ,Libyan dinar   (LYD)                     ,Malaysian ringgit   (MYR)                     ,Mauritian rupee   (MUR)                     ,Mexican peso   (MXN)                     ,Nepalese rupee   (NPR)                     ,New Zealand dollar   (NZD)                     ,Norwegian krone   (NOK)                     ,Omani rial   (OMR)                     ,Pakistani rupee   (PKR)                     ,Peruvian sol   (PEN)                     ,Philippine peso   (PHP)                     ,Polish zloty   (PLN)                     ,Qatari riyal   (QAR)                     ,Russian ruble   (RUB)                     ,Saudi Arabian riyal   (SAR)                     ,Singapore dollar   (SGD)                     ,South African rand   (ZAR)                     ,Sri Lankan rupee   (LKR)                     ,Swedish krona   (SEK)                     ,Swiss franc   (CHF)                     ,Thai baht   (THB)                     ,Trinidadian dollar   (TTD)                     ,Tunisian dinar   (TND)                     ,U.A.E. dirham   (AED)                     ,U.K. pound   (GBP)                     ,U.S. dollar   (USD)                     ,Uruguayan peso   (UYU)                     
5-Jan-15,88.0422,1.240540876,0.376,6.2842,9.633911368,2.6929,1.3352,1.1787,612.47,6.1248,2383.37,23.225,6.2451,0.839278221,266.97,129.18,63.3888,12589.0,27233.0,3.963,120.29,182.85,1102.6,0.2936,1.9324,3.5398,31.7603,14.9469,102.62935483870967,1.302592158,7.6437,0.3845,100.911,2.989,44.74,3.5975,3.64,61.196066122448975,3.75,1.3352,11.7428,135.88089317269078,7.9302,1.0094,33.019,6.3622,1.8711,3.6725,0.655565753,1,24.146
6-Jan-15,87.9724,1.23061777,0.376,6.2842,9.624639076,2.7107,1.3347,1.1804,616.76,6.1256,2412.82,23.249,6.2459,0.839348665,268.16,129.52,63.385,12658.0,27232.0,3.971,119.3,183.05,1108.7,0.2936,1.9324,3.555,31.8672,14.8479,102.62935483870967,1.30055924,7.7048,0.3845,100.9326,2.981,44.971,3.5975,3.64,61.196066122448975,3.75,1.3347,11.74515,131.02,7.9302,1.0101,32.942,6.3515,1.8831,3.6725,0.658197854,1,24.146
7-Jan-15,88.1491,1.238543473,0.376,6.2842,9.615384615,2.7023,1.3353,1.1851,616.09,6.1269,2452.11,23.505,6.2903,0.845237089,269.68,130.01,63.4495,12732.0,27263.0,3.96,118.95,183.05,1103.9,0.2937,1.9324,3.572,31.9364,14.7936,101.72,1.288659794,7.7339,0.3845,100.8238,2.984,44.98,3.6375,3.64,61.196066122448975,3.75,1.3353,11.6864,131.015,7.9333,1.016,32.896,6.3469,1.8836,3.6725,0.661331922,1,24.186
8-Jan-15,88.3258,1.233349778,0.376,6.2842,9.596928983,2.6807,1.3375,1.1812,614.76,6.1302,2434.31,23.68,6.3221,0.849762067,269.54,130.67,62.967,12731.0,27294.0,3.974,119.43,183.05,1099.7,0.29395,1.9324,3.568,32.0247,14.6274,101.08,1.285016705,7.6717,0.3845,100.7977,2.986,45.032,3.6482,3.64,61.196066122448975,3.75,1.3375,11.6408,131.25,7.9616,1.0205,32.896,6.3586,1.8907,3.6725,0.663922454,1,24.343
9-Jan-15,87.9384,1.228803146,0.376,6.2842,9.560229446,2.6919,1.3366,1.1857,613.08,6.1296,2405.03,23.752,6.2976,0.846525015,268.91,130.25,62.3953,12640.0,27294.0,3.958,119.85,183.05,1098.5,0.29395,1.9324,3.555,32.0652,14.5804,100.28,1.278772379,7.6699,0.3845,100.8185,2.982,45.064,3.6252,3.64,61.196066122448975,3.75,1.3366,11.57545,131.25,8.0367,1.0166,32.87,6.3656,1.89659,3.6725,0.660066007,1,24.44
12-Jan-15,87.7955,1.213003396,0.376,6.2842,9.541984733,2.6583,1.3318,1.193,614.03,6.1233,2405.03,23.965,6.3022,0.847170451,269.15,130.41,62.1605,12568.0,27292.0,3.956,119.85,183.05,1092.2,0.29385,1.9324,3.5505,32.1051,14.6398,99.73,1.274047649,7.7325,0.3845,100.7911,2.987,44.946,3.6218,3.64,62.7363,3.75,1.3318,11.50845,131.245,8.0682,1.0175,32.853,6.3642,1.89123,3.6725,0.660501982,1,24.545
13-Jan-15,87.8428,1.223690651,0.376,6.2842,9.532888465,2.6575,1.3337,1.1948,616.52,6.1195,2406.71,24.112,6.3145,0.848752334,269.11,130.38,62.1021,12608.0,27314.0,3.945,117.95,183.55,1083.0,0.29385,1.9324,3.5755,32.103,14.5559,99.46,1.284686536,7.7364,0.3845,100.6339,2.983,44.864,3.6252,3.64,64.8425,3.75,1.3337,11.50435,131.22,8.0377,1.0185,32.855,6.3736,1.89494,3.6725,0.66041474,1,24.693
14-Jan-15,87.6431,1.234720336,0.376,6.2842,9.541984733,2.6485,1.336,1.1958,617.53,6.1205,2442.03,23.975,6.3173,0.8492569,272.35,130.5,62.153,12580.0,27348.0,3.939,117.5,183.55,1081.5,0.29395,1.9324,3.594,32.1284,14.5644,99.43,1.292323598,7.6909,0.3845,100.6436,2.991,44.832,3.6525,3.64,66.0983,3.75,1.336,11.5175,131.22,8.0808,1.0221,32.796,6.3781,1.89735,3.6725,0.65824118,1,24.8
15-Jan-15,87.9627,1.218917601,0.376,6.2842,9.505703422,2.6222,1.334,1.1932,625.38,6.1193,2438.79,23.783,6.35,0.854116843,274.86,131.36,61.7588,12617.0,27347.0,3.899,117.7,183.8,1079.9,0.29395,1.9324,3.5715,32.1526,14.5821,99.43,1.295001295,7.6136,0.3845,100.7758,2.994,44.832,3.6588,3.64,64.8337,3.75,1.334,11.4583,131.22,8.0782,0.8756,32.75,6.3786,1.89735,3.6725,0.656383328,1,24.8
16-Jan-15,88.3238,1.213886866,0.376,6.2842,9.578544061,2.6122,1.3246,1.1986,623.67,6.1188,2398.91,23.977,6.4158,0.862961685,276.27,131.77,61.8933,12593.0,27347.0,3.914,116.41,183.8,1084.1,0.29395,1.9324,3.57,32.2438,14.6223,99.43,1.280409731,7.5928,0.3845,100.8052,3.007,44.832,3.7174,3.64,65.1738,3.75,1.3246,11.5582,131.0889,8.1053,0.8753,32.668,6.3375,1.90636,3.6725,0.657764915,1,24.697
20-Jan-15,88.3958,1.22324159,0.376,6.2842,9.606147935,2.6243,1.3379,1.2085,629.09,6.1226,2383.91,24.049,6.4212,0.863632438,274.59,131.72,61.8475,12659.0,27395.0,3.928,117.88,183.8,1079.8,0.29395,1.9324,3.5985,32.3316,14.6484,98.74,1.285016705,7.6013,0.3845,100.793,3.007,44.681,3.7346,3.64,64.9862,3.75,1.3379,11.6092,131.7054,8.1277,0.8724,32.71,6.3327,1.91127,3.6725,0.660371129,1,24.524
21-Jan-15,88.3358,1.217730151,0.376,6.2842,9.578544061,2.6247,1.3365,1.2374,627.23,6.1268,2373.44,24.104,6.4138,0.862589494,272.91,131.99,61.614,12557.0,27420.0,3.933,117.8,184.1,1084.4,0.29395,1.9324,3.6225,32.4091,14.6983,98.71,1.308557969,7.6124,0.3845,100.7572,3.009,44.679,3.7358,3.64,65.5558,3.75,1.3365,11.56665,131.7433,8.1631,0.866,32.673,6.3464,1.91514,3.6725,0.661550675,1,24.459
22-Jan-15,88.3637,1.239003841,0.376,6.2842,9.551098376,2.5968,1.3346,1.2371,628.44,6.1247,2361.54,24.013,6.4085,0.860733345,271.46,131.78,61.691,12451.0,27419.0,3.935,118.12,184.1,1086.8,0.29395,1.9324,3.6115,32.3725,14.612,98.62,1.32222663,7.6011,0.3845,100.7619,3.002,44.496,3.6994,3.64,65.4,3.75,1.3346,11.48485,131.9,8.1487,0.8549,32.595,6.3307,1.91573,3.6725,0.658804928,1,24.444
23-Jan-15,91.514,1.252034556,0.376,6.2842,9.596928983,2.5754,1.3374,1.2403,625.95,6.1342,2370.75,24.859,6.6467,0.89301661,277.17,134.96,61.4988,12444.0,27419.0,3.963,118.5,184.1,1085.3,0.29395,1.9324,3.595,32.4851,14.6499,98.72,1.33386688,7.7742,0.3845,100.7921,3.009,44.361,3.7687,3.64,63.393,3.75,1.3374,11.4342,131.85,8.2678,0.8739,32.593,6.3566,1.91656,3.6725,0.667913438,1,24.511
26-Jan-15,92.2581,1.252034556,0.376,6.2842,9.596928983,2.5856,1.3452,1.2411,626.38,6.1384,2386.5,24.68,6.6213,0.889363216,277.01,134.91,61.4988,12517.0,27497.0,3.998,117.5,184.45,1084.1,0.29495,1.9324,3.607,32.6435,14.5887,98.28,1.346257404,7.7681,0.3845,101.0061,3.017,44.158,3.7601,3.64,65.5937,3.75,1.3452,11.48345,131.85,8.3051,0.8906,32.571,6.363,1.94599,3.6725,0.666045025,1,24.38
27-Jan-15,92.3789,1.259287243,0.376,6.2842,9.624639076,2.5966,1.3439,1.2404,625.67,6.1364,2386.28,24.643,6.5879,0.884486114,276.21,134.04,61.464,12493.0,27496.0,3.995,118.6,184.45,1079.3,0.29495,1.9324,3.61,32.7898,14.5872,98.28,1.34643867,7.795,0.3845,100.9613,3.022,44.082,3.7348,3.64,67.8153,3.75,1.3439,11.5827,132.0817,8.2773,0.9021,32.573,6.3412,1.94485,3.6725,0.663129973,1,24.224
28-Jan-15,92.2414,1.251407834,0.376,6.2842,9.596928983,2.5809,1.3518,1.2451,623.37,6.1282,2381.11,24.543,6.5621,0.881523272,273.99,132.95,61.4105,12498.0,27495.0,3.945,117.8,184.45,1082.1,0.29495,1.9324,3.624,32.7805,14.6878,98.24,1.341381623,7.753,0.3845,100.9162,3.027,44.117,3.7276,3.64,67.1506,3.75,1.3518,11.55215,132.0975,8.1915,0.9017,32.607,6.3325,1.9361,3.6725,0.658111221,1,24.274
29-Jan-15,92.411,1.270809506,0.376,6.2842,9.652509653,2.5797,1.3533,1.2644,622.44,6.1335,2362.42,24.562,6.5789,0.883782589,275.77,133.64,61.4998,12515.0,27530.0,3.926,117.74,184.45,1082.9,0.29495,1.9324,3.634,32.7069,14.8414,98.26,1.365187713,7.7976,0.3845,100.9901,3.042,44.14,3.7418,3.64,68.7303,3.75,1.3533,11.6449,132.194,8.276,0.9161,32.624,6.334,1.93116,3.6725,0.660938533,1,24.318
30-Jan-15,92.9012,1.285181853,0.376,6.2842,9.633911368,2.596,1.3512,1.2717,626.48,6.137,2397.35,24.585,6.5847,0.884564352,274.91,132.94,61.7575,12625.0,27530.0,3.924,118.22,184.45,1090.8,0.29495,1.9324,3.6235,32.6433,14.9885,98.98,1.375894331,7.8138,0.3845,101.2007,3.056,44.132,3.7204,3.64,68.9291,3.75,1.3512,11.5895,132.2,8.266,0.9237,32.719,6.3311,1.93842,3.6725,0.663042037,1,24.449
2-Feb-15,92.9886,1.287166946,0.376,6.2842,9.615384615,2.6623,1.3545,1.2578,632.03,6.1385,2441.1,24.537,6.5818,0.884173298,274.19,132.87,61.884,12700.0,27502.0,3.937,117.44,184.45,1095.9,0.29495,1.9324,3.6235,32.6488,14.9885,98.98,1.379310345,7.7122,0.3845,101.1373,3.057,44.084,3.6801,3.64,69.664,3.75,1.3545,11.5721,132.2,8.2488,0.9313,32.607,6.3349,1.93336,3.6725,0.665557404,1,24.384
3-Feb-15,92.7182,1.30565348,0.376,6.2842,9.56937799,2.6894,1.3545,1.2456,632.19,6.1369,2407.29,24.388,6.5436,0.879043601,273.31,132.63,61.7389,12643.0,27501.0,3.93,117.22,184.45,1101.2,0.29485,1.9324,3.6235,32.6488,14.7566,98.88,1.369300288,7.5923,0.3845,101.3502,3.057,44.191,3.6886,3.64,67.7727,3.75,1.3527,11.45635,132.2,8.2899,0.9277,32.539,6.3405,1.9335,3.6725,0.664010624,1,24.286
4-Feb-15,93.1792,1.278772379,0.376,6.2842,9.532888465,2.7059,1.345,1.255,626.97,6.1318,2374.72,24.261,6.5036,0.873667657,270.01,131.33,61.68,12609.0,27499.0,3.894,117.82,184.75,1098.3,0.29475,1.9324,3.558,32.6261,14.8011,98.67,1.361285053,7.5402,0.3845,101.2113,3.059,44.094,3.644,3.64,65.447,3.75,1.345,11.4205,132.2,8.2483,0.9269,32.593,6.3319,1.9301,3.6725,0.657678395,1,24.3
5-Feb-15,93.3301,1.287166946,0.376,6.2842,9.523809524,2.7148,1.3476,1.2422,627.09,6.1366,2381.91,24.304,6.5255,0.876424189,270.96,131.35,61.8748,12653.0,27535.0,3.875,117.29,184.75,1089.2,0.295,1.9324,3.573,32.7016,14.7548,98.81,1.357957632,7.5697,0.3845,101.2113,3.061,44.053,3.6656,3.64,68.6113,3.75,1.3476,11.38375,132.2,8.263,0.9279,32.604,6.3508,1.9192,3.6725,0.655952771,1,24.419
6-Feb-15,93.2253,1.277139208,0.376,6.2842,9.478672986,2.7386,1.3449,1.2523,624.8,6.1261,2384.53,24.19,6.5031,0.873591334,267.47,131.21,61.7363,12613.0,27535.0,3.869,117.48,184.75,1089.2,0.295,1.9324,3.5525,32.7595,14.9024,98.78,1.357957632,7.488,0.3845,101.2074,3.065,44.129,3.6395,3.64,66.0432,3.75,1.3449,11.31115,132.2,8.2556,0.9217,32.561,6.3307,1.9236,3.6725,0.652230629,1,24.454
9-Feb-15,93.7115,1.288493751,0.376,6.2842,9.624639076,2.7641,1.3528,1.2448,623.21,6.1311,2384.76,24.58,6.6022,0.88691796,270.65,132.22,62.141,12679.0,27559.0,3.88,118.9,185.05,1088.3,0.29535,1.9324,3.56,32.8556,14.8014,98.72,1.360174102,7.6404,0.3845,101.2489,3.064,44.163,3.6811,3.64,65.7817,3.75,1.3528,11.5644,132.8,8.3723,0.9262,32.618,6.3309,1.92798,3.6725,0.656987057,1,24.498
10-Feb-15,94.0996,1.277791975,0.376,6.2842,9.652509653,2.7873,1.3528,1.2528,626.04,6.1295,2371.31,24.541,6.5894,0.885190759,274.23,132.71,61.9634,12644.0,27558.0,3.875,118.5,185.05,1097.0,0.29535,1.9324,3.5815,32.899,14.9309,99.47,1.349345567,7.583,0.3845,101.2659,3.07,44.315,3.722,3.64,65.4469,3.75,1.3528,11.6405,132.8,8.3607,0.9253,32.6,6.3337,1.93305,3.6725,0.657289339,1,24.577
11-Feb-15,94.1931,1.287166946,0.376,6.2842,9.718172983,2.8075,1.3564,1.2635,626.44,6.1315,2380.79,24.462,6.5795,0.883860704,272.85,132.43,62.1536,12700.0,27558.0,3.864,118.5,185.05,1090.8,0.2955,1.9324,3.597,32.9471,15.1099,99.5,1.351351351,7.603,0.3845,101.4883,3.092,44.354,3.7094,3.64,66.0585,3.75,1.3564,11.8191,132.7987,8.3415,0.9267,32.638,6.3414,1.93585,3.6725,0.653936699,1,24.816
12-Feb-15,94.1078,1.307531381,0.376,6.2842,9.708737864,2.8576,1.3617,1.2462,628.22,6.1333,2416.61,24.455,6.5718,0.882768362,271.37,132.13,62.43,12794.0,27592.0,3.893,120.28,185.05,1096.9,0.29565,1.9324,3.6215,32.9986,14.9167,99.61,1.357588922,7.7176,0.3845,101.4264,3.079,44.353,3.6926,3.64,66.0994,3.75,1.3617,11.7766,132.8,8.4016,0.9312,32.691,6.3562,1.93313,3.6725,0.651975486,1,24.726
13-Feb-15,94.1578,1.2848516,0.376,6.2842,9.671179884,2.8625,1.3561,1.2449,626.92,6.1288,2401.03,24.285,6.5407,0.878657411,267.78,131.23,62.136,12769.0,27592.0,3.883,118.99,185.05,1107.5,0.29565,1.9324,3.5815,33.0773,14.8605,99.7,1.346619984,7.6035,0.3845,101.4506,3.079,44.396,3.6552,3.64,65.0862,3.75,1.3561,11.76845,132.8,8.4242,0.9287,32.606,6.3314,1.92698,3.6725,0.649941505,1,24.726
17-Feb-15,94.1578,1.2848516,0.376,6.2842,9.671179884,2.8625,1.3561,1.2449,626.92,6.1288,2401.03,24.285,6.5407,0.876040298,267.78,131.23,62.136,12769.0,27592.0,3.883,118.34,185.05,1107.5,0.29565,1.9324,3.5815,33.0773,14.8605,99.7,1.346619984,7.6035,0.3845,101.4506,3.079,44.396,3.6552,3.64,65.0862,3.75,1.3561,11.76845,132.8,8.4242,0.9287,32.606,6.3314,1.92698,3.6725,0.64977258,1,24.726
18-Feb-15,94.2924,1.277628721,0.376,6.2842,9.652509653,2.8392,1.3573,1.2455,619.72,6.1288,2416.37,24.254,6.5459,0.879352796,270.27,131.78,62.245,12804.0,27629.0,3.85,119.25,185.05,1107.5,0.29545,1.9324,3.594,33.2032,14.9473,99.46,1.326963907,7.5167,0.3845,101.562,3.083,44.279,3.6784,3.64,62.4001,3.75,1.3573,11.7116,132.8,8.3466,0.9399,32.571,6.3314,1.92808,3.6725,0.648424329,1,24.457
19-Feb-15,94.3925,1.283038235,0.376,6.2842,9.624639076,2.843,1.3573,1.2486,620.4,6.1288,2429.71,24.033,6.5375,0.878194432,268.27,131.49,62.245,12804.0,27628.0,3.844,118.75,185.05,1107.5,0.29545,1.9324,3.594,33.2032,14.9583,99.75,1.324678765,7.592,0.3845,101.5924,3.084,44.279,3.6631,3.64,62.1307,3.75,1.3573,11.63755,132.8,8.3436,0.9475,32.554,6.3412,1.92825,3.6725,0.64699793,1,24.614
20-Feb-15,94.4898,1.280409731,0.376,6.2842,9.643201543,2.8545,1.3573,1.2506,620.33,6.1288,2445.16,24.344,6.604,0.885112409,269.13,132.3,62.255,12849.0,27628.0,3.861,118.89,185.05,1107.5,0.29545,1.9324,3.594,33.2295,15.0757,99.75,1.330494944,7.6058,0.3845,101.8001,3.084,44.236,3.6895,3.64,61.7235,3.75,1.3573,11.63265,132.9,8.426,0.9512,32.563,6.3396,1.92534,3.6725,0.650702759,1,24.66
23-Feb-15,94.5703,1.276487107,0.376,6.2842,9.671179884,2.8701,1.3603,1.258,616.86,6.1288,2455.54,24.291,6.6062,0.885112409,270.21,132.5,62.1838,12813.0,27669.0,3.858,119.07,185.05,1101.3,0.29555,1.9324,3.641,33.2295,15.0832,99.56,1.328727079,7.6478,0.3845,101.7419,3.087,44.206,3.6933,3.64,61.7235,3.75,1.3603,11.70355,132.9,8.4083,0.9493,32.569,6.3426,1.9315,3.6725,0.650999284,1,24.753
24-Feb-15,94.5872,1.286504567,0.376,6.2842,9.615384615,2.8811,1.3601,1.2603,621.18,6.133,2489.81,24.257,6.585,0.882768362,270.53,132.61,62.2758,12866.0,27710.0,3.952,118.91,185.05,1109.8,0.29575,1.9324,3.627,33.2295,14.9712,99.72,1.328727079,7.6139,0.3845,101.7617,3.092,44.256,3.6948,3.64,63.5083,3.75,1.3601,11.5805,132.9,8.4153,0.9494,32.575,6.348,1.93873,3.6725,0.647374895,1,24.641
25-Feb-15,94.4771,1.268069997,0.376,6.2842,9.560229446,2.8649,1.357,1.2419,622.88,6.1384,2500.59,24.165,6.5794,0.881367883,268.71,132.08,62.0468,12887.0,27709.0,3.938,118.8,185.05,1108.6,0.29575,1.9324,3.6245,33.2295,14.9228,99.52,1.334935256,7.6084,0.3845,101.9203,3.094,44.314,3.6649,3.64,62.5906,3.75,1.357,11.45775,132.8991,8.3919,0.9496,32.556,6.3564,1.93063,3.6725,0.645244548,1,24.613
26-Feb-15,94.7312,1.272750414,0.376,6.2842,9.541984733,2.8646,1.353,1.249,619.5,6.1379,2489.41,24.306,6.5988,0.883626403,266.77,131.68,61.9395,12862.0,27708.0,3.933,118.95,185.05,1102.5,0.29575,1.9324,3.598,33.2425,14.9624,99.15,1.323276432,7.5674,0.3845,101.9321,3.091,44.168,3.6519,3.64,60.7109,3.75,1.353,11.4246,132.9,8.2936,0.9466,32.438,6.3616,1.93318,3.6725,0.644537544,1,24.547
27-Feb-15,94.8583,1.283367556,0.376,6.2842,9.643201543,2.8728,1.3568,1.2508,617.67,6.1475,2484.58,24.401,6.6423,0.889679715,269.94,132.94,61.7908,12863.0,27708.0,3.966,119.26,185.05,1099.2,0.29575,1.9324,3.6113,33.2578,14.9553,98.81,1.327844908,7.6281,0.3845,101.8895,3.091,44.087,3.698,3.64,61.2718,3.75,1.3568,11.6244,132.9,8.3692,0.9488,32.373,6.3452,1.9376,3.6725,0.648130145,1,24.64
2-Mar-15,94.8837,1.287332647,0.376,6.2842,9.699321048,2.8782,1.3641,1.2535,617.38,6.1513,2496.99,24.48,6.6476,0.890709896,270.58,133.21,61.8248,12993.0,27770.0,3.986,119.86,185.05,1099.5,0.2965,1.9324,3.627,33.4036,14.9862,98.94,1.323276432,7.6677,0.3845,101.9211,3.093,44.082,3.7053,3.64,62.2248,3.75,1.3641,11.72095,132.9,8.3432,0.9561,32.355,6.3223,1.95008,3.6725,0.649182031,1,24.522
3-Mar-15,95.07,1.277791975,0.376,6.2842,9.727626459,2.8655,1.3646,1.2452,617.6,6.1543,2522.03,24.576,6.6738,0.895415473,272.63,133.7,61.8387,12962.0,27769.0,3.987,119.77,185.05,1102.5,0.2965,1.9324,3.6275,33.5112,14.9544,99.06,1.331380642,7.7091,0.3845,101.9097,3.091,44.129,3.719,3.64,62.3649,3.75,1.3646,11.81295,132.9,8.3182,0.9606,32.354,6.3522,1.9489,3.6725,0.650787453,1,24.656
4-Mar-15,95.1759,1.280081925,0.376,6.2842,9.727626459,2.9051,1.3626,1.244,617.6,6.1525,2555.08,24.683,6.704,0.89895721,275.85,134.11,61.8543,12963.0,27804.0,3.984,119.57,185.05,1100.0,0.2966,1.9324,3.6285,33.652,15.0756,99.06,1.325029813,7.7441,0.3845,101.9215,3.097,44.089,3.7485,3.64,61.8745,3.75,1.3626,11.7741,132.8986,8.2748,0.9623,32.354,6.339,1.9524,3.6725,0.651847989,1,24.756
5-Mar-15,95.1759,1.278772379,0.376,6.2842,9.727626459,2.9804,1.3685,1.2482,619.78,6.1525,2565.9,24.77,6.7343,0.903423977,276.59,134.96,62.2015,13022.0,27847.0,3.984,119.8,185.05,1096.5,0.2971,1.9324,3.6565,33.8038,15.1686,99.06,1.316829076,7.7207,0.3845,101.8517,3.097,44.084,3.7525,3.64,61.8457,3.75,1.3685,11.78115,132.8986,8.3547,0.969,32.354,6.3467,1.9565,3.6725,0.655995802,1,24.699
6-Mar-15,95.8407,1.281229981,0.376,6.2842,9.756097561,2.9931,1.3695,1.2616,619.61,6.1533,2543.47,24.899,6.7969,0.912159081,277.24,135.55,62.2015,12983.0,27847.0,3.984,120.05,185.2,1100.1,0.2971,1.9324,3.6475,34.0048,15.4445,99.46,1.336005344,7.7917,0.3845,101.8238,3.1,44.159,3.7649,3.64,59.9938,3.75,1.3695,11.8,132.9,8.3464,0.9779,32.416,6.3483,1.963,3.6725,0.658935161,1,24.844
9-Mar-15,96.137,1.299714063,0.376,6.2842,9.920634921,3.0366,1.3813,1.2598,624.68,6.1563,2565.61,25.093,6.8604,0.920810313,279.91,136.51,62.616,13047.0,27888.0,4.017,121.03,185.2,1099.5,0.2983,1.9324,3.688,34.3839,15.4544,99.46,1.357404642,7.8992,0.3845,101.8143,3.096,44.118,3.789,3.64,59.9938,3.75,1.3813,12.11295,132.9,8.4558,0.9843,32.565,6.3283,1.9726,3.6725,0.662120109,1,25.085
10-Mar-15,96.4377,1.307873398,0.376,6.2842,10.0,3.1018,1.3856,1.2633,628.47,6.1572,2592.86,25.397,6.9395,0.931272118,284.68,137.82,62.6983,13059.0,27930.0,4.041,121.46,185.2,1110.3,0.2986,1.9324,3.6965,34.7062,15.5837,100.09,1.359064963,8.0457,0.3845,101.6973,3.098,44.25,3.8345,3.64,60.6649,3.75,1.3856,12.24845,132.9,8.5135,0.9944,32.642,6.3549,1.9726,3.6725,0.664761018,1,25.139
11-Mar-15,97.313,1.315097317,0.376,6.2842,10.03009027,3.1299,1.3874,1.2764,633.03,6.1597,2618.79,25.8,7.0515,0.945358291,288.13,139.67,62.745,13164.0,27960.0,4.049,121.22,185.35,1119.5,0.29908,1.9324,3.714,35.0666,15.4455,100.42,1.373815084,8.184,0.3845,101.7629,3.098,44.263,3.9091,3.64,62.6797,3.75,1.3874,12.25905,132.9,8.5751,1.006,32.744,6.3582,1.9868,3.6725,0.664319405,1,25.1
12-Mar-15,97.2705,1.315097317,0.376,6.2842,9.99000999,3.1162,1.3875,1.2691,637.59,6.1617,2633.65,25.735,7.0268,0.942240648,286.03,139.19,62.5665,13176.0,27995.0,4.022,121.62,185.35,1126.6,0.29985,1.9324,3.696,35.0666,15.4003,100.46,1.374003847,8.0948,0.3845,101.7386,3.096,44.342,3.8928,3.64,60.9595,3.75,1.3875,12.1725,132.9,8.5455,1.001,32.855,6.3526,1.9868,3.6725,0.66728947,1,25.116
13-Mar-15,97.3385,1.303611002,0.376,6.2842,10.12145749,3.1171,1.3839,1.2803,633.54,6.1588,2610.08,25.832,7.0559,0.945894816,287.68,139.21,62.6733,13191.0,27995.0,4.015,121.43,185.35,1130.9,0.29985,1.9324,3.6965,35.3701,15.4892,100.01,1.352813853,8.1588,0.3845,101.7296,3.099,44.271,3.9141,3.64,61.3167,3.75,1.3839,12.4071,132.9,8.6123,1.0076,32.821,6.3507,1.993,3.6725,0.67558438,1,25.312
16-Mar-15,97.3809,1.308557969,0.376,6.2842,10.1010101,3.2264,1.3925,1.2765,639.02,6.1615,2661.52,25.856,7.072,0.947238799,289.17,139.8,62.8215,13237.0,27997.0,4.019,121.4,185.35,1125.6,0.3,1.9324,3.7075,35.7473,15.4892,100.75,1.36425648,8.2277,0.3845,101.7457,3.095,44.271,3.926,3.64,62.1497,3.75,1.3925,12.4124,132.9,8.6965,1.0049,32.9,6.3344,1.98199,3.6725,0.676315434,1,25.235
17-Mar-15,97.1518,1.309757695,0.376,6.2842,10.08064516,3.2257,1.3892,1.2769,639.37,6.1585,2675.08,25.565,7.0159,0.94029149,286.46,138.72,62.692,13209.0,27996.0,4.019,121.4,185.35,1133.9,0.2999,1.9324,3.6995,36.1098,15.4271,100.5,1.356668023,8.2666,0.3845,101.7143,3.094,44.402,3.9034,3.64,61.751,3.75,1.3892,12.35745,132.9,8.6485,1.0028,32.915,6.3503,1.96796,3.6725,0.677966102,1,25.444
18-Mar-15,97.3257,1.312163758,0.376,6.2842,10.09081736,3.2683,1.3887,1.2771,640.84,6.1556,2677.97,25.797,7.0422,0.944108761,286.28,138.76,62.672,13164.0,27995.0,4.02,121.33,185.35,1130.1,0.2999,1.9324,3.7,36.2563,15.4192,100.33,1.367053999,8.4026,0.3845,101.7901,3.098,44.461,3.9073,3.64,61.3483,3.75,1.3887,12.38135,132.9,8.6666,1.0028,32.906,6.3426,1.95698,3.6725,0.683293475,1,25.497
19-Mar-15,97.0414,1.293326436,0.376,6.2842,10.01001001,3.2518,1.3809,1.2744,642.18,6.146,2651.49,25.687,6.9784,0.936592676,282.64,138.19,62.4208,13008.0,27994.0,4.006,120.5,185.5,1126.6,0.29955,1.9324,3.68,36.3367,15.296,100.31,1.337792642,8.0879,0.3845,101.9043,3.095,44.691,3.8596,3.64,59.8308,3.75,1.3809,12.2646,132.9,8.7185,0.9893,32.733,6.3464,1.95942,3.6725,0.67136623,1,25.582
20-Mar-15,96.8971,1.302422506,0.376,6.2842,9.98003992,3.2642,1.3861,1.2595,638.82,6.1496,2613.38,25.5,6.915,0.927988122,284.21,138.35,62.4923,13075.0,27994.0,4.053,120.72,185.5,1114.0,0.29955,1.9324,3.7225,36.3707,15.0317,100.03,1.348254011,8.0851,0.3845,102.1179,3.087,44.661,3.8645,3.64,60.0341,3.75,1.3861,12.2167,132.9,8.6706,0.9862,32.711,6.3487,1.95653,3.6725,0.676773146,1,25.495
23-Mar-15,96.0824,1.27844541,0.376,6.2842,9.861932939,3.2423,1.3777,1.2516,635.62,6.1448,2613.38,25.091,6.8324,0.916422287,281.18,136.98,62.2879,13076.0,27994.0,4.018,119.96,185.5,1121.7,0.29945,1.9324,3.6883,36.4745,14.9644,99.94,1.318565401,7.9064,0.3845,102.1179,3.077,44.831,3.818,3.64,59.4452,3.75,1.3777,12.00125,132.9,8.6404,0.9724,32.563,6.3386,1.95653,3.6725,0.670690812,1,25.467
24-Mar-15,96.1291,1.272102786,0.376,6.2842,9.794319295,3.18,1.3697,1.2511,627.0,6.1398,2587.71,25.017,6.8131,0.913242009,276.59,135.29,62.1988,12972.0,27994.0,3.926,119.76,185.5,1115.9,0.2993,1.9324,3.6745,36.5037,14.9347,99.64,1.305483029,7.8479,0.3845,102.0708,3.071,44.821,3.7453,3.64,58.771,3.75,1.3697,11.84745,132.9,8.488,0.9571,32.551,6.3418,1.93882,3.6725,0.670645832,1,25.413
25-Mar-15,96.1667,1.270163851,0.376,6.2842,9.756097561,3.131,1.3661,1.2513,623.65,6.141,2526.79,24.923,6.7991,0.910332271,273.19,135.33,62.3419,12932.0,27993.0,3.948,119.78,185.5,1107.1,0.2993,1.9324,3.6575,36.5037,14.9524,99.62,1.309586171,7.8225,0.3845,101.9563,3.064,44.69,3.7355,3.64,57.3879,3.75,1.3661,11.7579,132.9,8.4832,0.957,32.545,6.3532,1.92849,3.6725,0.670465974,1,25.466
26-Mar-15,96.7536,1.279263144,0.376,6.2842,9.803921569,3.1476,1.3706,1.2471,619.79,6.1375,2535.55,24.951,6.8056,0.911327805,271.68,134.73,62.6728,13003.0,27992.0,3.944,119.3,185.5,1102.7,0.2992,1.9324,3.679,36.4174,15.1056,99.73,1.314060447,7.8379,0.3845,102.0261,3.075,44.772,3.705,3.64,56.4271,3.75,1.3706,11.87115,132.9,8.4398,0.954,32.585,6.3584,1.93557,3.6725,0.66983723,1,25.648
27-Mar-15,97.252,1.281394157,0.376,6.2842,9.871668312,3.1915,1.3694,1.258,620.68,6.1397,2551.3,25.345,6.8784,0.921149595,277.74,136.63,62.6069,13064.0,27992.0,3.973,119.2,185.5,1104.2,0.2992,1.9324,3.6675,36.4062,15.1542,100.28,1.316309069,7.9633,0.3845,101.9551,3.087,44.827,3.789,3.64,57.7279,3.75,1.3694,11.98755,132.9,8.6233,0.9655,32.592,6.3673,1.9318,3.6725,0.6709158,1,25.816
30-Mar-15,97.2777,1.296008294,0.376,6.2842,9.950248756,3.2259,1.3694,1.2689,622.79,6.1402,2556.85,25.333,6.887,0.92208391,276.03,136.21,62.6305,13086.0,28050.0,3.971,119.24,185.65,1104.3,0.2992,1.9324,3.7085,36.4152,15.2427,99.86,1.323276432,7.9802,0.3845,101.9264,3.092,44.796,3.7685,3.64,58.4643,3.75,1.3694,12.13615,132.8794,8.6233,0.9655,32.604,6.3732,1.94592,3.6725,0.675630025,1,25.816
31-Mar-15,97.6202,1.309929264,0.376,6.2842,9.98003992,3.2601,1.3765,1.2683,626.87,6.1422,2576.05,25.586,6.9427,0.92945441,278.94,137.21,62.5908,13084.0,28085.0,3.98,120.11,185.65,1105.0,0.30025,1.9324,3.7165,36.4036,15.2647,100.28,1.335113485,8.0895,0.3845,101.9223,3.094,44.796,3.8125,3.64,57.65,3.75,1.3765,12.1768,132.9,8.6232,0.9728,32.548,6.3732,1.94912,3.6725,0.675675676,1,25.677
1-Apr-15,97.5817,1.309071868,0.376,6.2842,9.900990099,3.208,1.3673,1.2612,626.58,6.1434,2598.36,25.563,6.9464,0.929800093,278.6,137.11,62.5908,13043.0,28085.0,3.974,119.95,185.65,1109.4,0.30025,1.9324,3.6855,36.3654,15.1206,100.0,1.338329764,8.0801,0.3845,101.941,3.093,44.725,3.789,3.64,58.3536,3.75,1.3673,12.04895,132.9,8.6279,0.9684,32.517,6.3399,1.96001,3.6725,0.676864762,1,25.665
2-Apr-15,97.3038,1.317175975,0.376,6.2842,9.881422925,3.1556,1.3628,1.2585,618.22,6.1396,2598.36,25.456,6.9464,0.923361034,275.86,137.11,62.5908,13000.0,28085.0,3.956,119.66,185.65,1103.8,0.30025,1.9324,3.6835,36.3748,15.1206,100.0,1.340302908,8.0801,0.3845,101.8762,3.093,44.725,3.7524,3.64,56.9902,3.75,1.3628,12.02555,132.9,8.6181,0.9611,32.45,6.371,1.963,3.6725,0.676361177,1,25.665
3-Apr-15,97.2605,1.317175975,0.376,6.2842,9.881422925,3.1492,1.3628,1.2585,614.77,6.1348,2576.41,25.232,6.9464,0.923361034,275.86,137.11,62.5908,13000.0,28085.0,3.956,119.65,185.65,1098.0,0.30025,1.9324,3.6635,36.32,15.1206,100.0,1.340302908,8.0801,0.3845,101.8612,3.093,44.725,3.7449,3.64,56.7534,3.75,1.3628,12.02555,132.9,8.6181,0.9595,32.48,6.3742,1.963,3.6725,0.676361177,1,25.665
6-Apr-15,97.1344,1.317175975,0.376,6.2842,9.881422925,3.1492,1.3628,1.2452,614.77,6.1348,2576.41,25.232,6.9464,0.923361034,275.86,137.11,62.158,13000.0,28083.0,3.956,119.05,185.65,1094.6,0.2999,1.9324,3.6225,36.296,14.8003,100.0,1.340302908,8.0801,0.3845,101.9163,3.089,44.623,3.7449,3.64,56.5161,3.75,1.3518,12.02555,132.8984,8.6181,0.9513,32.48,6.3742,1.963,3.6725,0.676361177,1,25.573
7-Apr-15,97.5559,1.298195508,0.376,6.2842,9.813542689,3.0926,1.3565,1.2488,610.74,6.1305,2522.71,25.315,6.888,0.921913893,275.85,136.06,62.3321,12982.0,28120.0,3.939,119.56,185.65,1086.0,0.3002,1.9324,3.635,36.1634,14.9039,99.5,1.325732467,8.0483,0.3845,101.9495,3.096,44.399,3.7435,3.64,55.3328,3.75,1.3565,11.8418,132.9,8.5501,0.9614,32.51,6.3742,1.963,3.6725,0.67172701,1,25.749
8-Apr-15,97.6333,1.303101381,0.376,6.2842,9.775171065,3.1231,1.3588,1.2508,611.01,6.1345,2518.05,25.205,6.8788,0.920640766,273.9,135.81,62.3295,13002.0,28150.0,3.939,120.2,185.65,1089.7,0.30065,1.9324,3.644,36.1237,14.9072,99.61,1.332445037,7.988,0.3845,101.9449,3.101,44.484,3.7135,3.64,54.027,3.75,1.3588,11.78195,132.9,8.6414,0.9604,32.546,6.3633,1.9482,3.6725,0.669209663,1,25.898
9-Apr-15,98.2998,1.300728408,0.376,6.2842,9.823182711,3.0834,1.3588,1.258,611.05,6.1338,2490.9,25.407,6.9349,0.928160386,276.71,136.91,62.256,12973.0,28180.0,3.943,120.31,185.65,1093.4,0.301,1.9324,3.6295,36.1334,15.0554,99.59,1.323451562,8.0397,0.3845,101.942,3.111,44.484,3.7414,3.64,52.5424,3.75,1.3561,11.79135,132.9,8.6889,0.9708,32.549,6.3577,1.9482,3.6725,0.674490759,1,26.089
10-Apr-15,98.7683,1.300728408,0.376,6.2842,9.930486594,3.0466,1.3586,1.2595,613.91,6.137,2494.77,25.901,7.0687,0.946073794,280.98,138.6,62.366,12910.0,28180.0,3.943,120.5,185.65,1093.9,0.301,1.9324,3.6445,36.1673,15.1706,99.59,1.322926313,8.1485,0.3845,101.8736,3.12,44.559,3.7894,3.64,51.0678,3.75,1.3586,12.01545,132.9,8.7676,0.9813,32.551,6.3528,1.9482,3.6725,0.683760684,1,26.4
13-Apr-15,98.7597,1.316482359,0.376,6.2842,9.99000999,3.0796,1.3686,1.2602,621.1,6.1395,2516.08,25.963,7.0806,0.947687642,281.44,139.14,62.3885,12945.0,28220.0,4.014,120.18,185.65,1094.6,0.302,1.9324,3.6975,36.2244,15.2947,99.7,1.32837407,8.1008,0.3845,101.8552,3.124,44.515,3.8088,3.64,52.422,3.75,1.3686,12.13965,132.9,8.8288,0.9858,32.551,6.3442,1.977,3.6725,0.685025346,1,26.286
14-Apr-15,98.7597,1.317523057,0.376,6.2842,9.99000999,3.1011,1.3638,1.2478,621.1,6.1395,2537.33,25.886,7.0703,0.946611132,280.88,138.42,62.3885,12979.0,28258.0,3.984,119.82,185.65,1096.6,0.302,1.9324,3.704,36.2104,15.2339,100.02,1.341201717,8.0292,0.3845,101.859,3.119,44.633,3.8001,3.64,51.9749,3.75,1.3638,12.09425,132.9,8.839,0.9776,32.551,6.3552,1.9861,3.6725,0.682640453,1,26.561
15-Apr-15,98.6852,1.316655695,0.376,6.2842,9.970089731,3.088,1.3635,1.2379,614.06,6.134,2550.83,25.911,7.0584,0.945268929,279.81,137.57,62.4026,12976.0,28257.0,3.975,119.6,185.8,1096.8,0.3019,1.9324,3.7225,36.2877,15.3891,100.02,1.331026221,7.9544,0.3845,101.6838,3.123,44.634,3.7875,3.64,50.5033,3.75,1.3635,12.12615,132.8983,8.794,0.9759,32.551,6.3575,1.9796,3.6725,0.678518116,1,26.791
16-Apr-15,98.4046,1.291489087,0.376,6.2842,9.900990099,3.0681,1.3545,1.2206,616.7,6.1305,2534.63,25.662,6.9683,0.933619643,282.4,135.94,62.3685,12838.0,28256.0,3.935,118.99,185.8,1096.0,0.30175,1.9324,3.6575,36.2795,15.2455,99.79,1.317349493,7.8167,0.3845,101.6771,3.122,44.555,3.7746,3.64,49.6749,3.75,1.3545,12.0236,132.9,8.7042,0.9637,32.42,6.3305,1.98,3.6725,0.670825787,1,26.702
17-Apr-15,98.4046,1.283532281,0.376,6.2842,9.900990099,3.0249,1.3491,1.2229,612.3,6.1305,2493.93,25.41,6.8992,0.924727205,279.17,135.18,62.346,12863.0,28256.0,3.929,119.04,185.8,1089.0,0.30175,1.9324,3.637,36.2262,15.3128,99.69,1.305142261,7.7649,0.3845,101.5457,3.124,44.412,3.7277,3.64,50.5295,3.75,1.3491,11.93855,132.9,8.5726,0.9509,32.392,6.3349,1.97345,3.6725,0.665424541,1,26.624
20-Apr-15,98.3874,1.279263144,0.376,6.2842,9.930486594,3.0544,1.345,1.2204,612.73,6.1255,2495.01,25.569,6.9573,0.932574839,280.08,136.54,62.5633,12875.0,28270.0,3.925,118.9,185.8,1085.1,0.30165,1.9324,3.6235,36.1504,15.3973,99.78,1.299883011,7.8728,0.3845,101.644,3.123,44.337,3.7302,3.64,51.5207,3.75,1.345,12.0779,132.9,8.641,0.9594,32.371,6.3294,1.95451,3.6725,0.670376081,1,26.64
21-Apr-15,98.5341,1.299376299,0.376,6.2842,9.940357853,3.0473,1.3507,1.2274,615.42,6.128,2487.07,25.627,6.9729,0.934579439,278.93,137.25,62.92,12942.0,28305.0,3.946,119.4,185.8,1082.7,0.30195,1.9324,3.6435,36.1041,15.3837,100.66,1.30565348,7.8738,0.3845,101.5595,3.129,44.23,3.7275,3.64,53.9728,3.75,1.3507,12.1026,132.8964,8.7187,0.9596,32.423,6.3398,1.96019,3.6725,0.672088178,1,26.745
22-Apr-15,98.4176,1.287664177,0.376,6.2842,9.950248756,3.0473,1.3503,1.225,616.42,6.129,2469.03,25.568,6.9458,0.930838686,278.57,136.01,62.8183,12952.0,28305.0,3.951,119.7,185.8,1083.5,0.30195,1.9324,3.619,36.0268,15.4518,100.57,1.304121022,7.8591,0.3845,101.5875,3.132,44.29,3.7125,3.64,53.6555,3.75,1.3503,12.13165,132.8981,8.6382,0.9535,32.37,6.3432,1.96734,3.6725,0.665026269,1,26.809
23-Apr-15,98.2838,1.290655653,0.376,6.2842,9.99000999,3.0186,1.3464,1.2147,618.02,6.1281,2488.5,25.434,6.9255,0.928332714,281.4,136.01,63.185,12939.0,28338.0,3.951,119.98,185.8,1081.8,0.3021,1.9324,3.6205,36.0151,15.3539,100.52,1.308044474,7.9057,0.3845,101.5798,3.131,44.213,3.7371,3.64,51.6011,3.75,1.3464,12.24085,132.8983,8.7482,0.9644,32.414,6.3472,1.95626,3.6725,0.666444518,1,26.677
24-Apr-15,98.0119,1.285677552,0.376,6.2842,9.930486594,3.0084,1.3405,1.2166,618.12,6.1241,2471.21,25.366,6.8927,0.923872875,276.36,135.85,63.4006,12941.0,28338.0,3.924,119.5,185.8,1083.2,0.3021,1.9324,3.5995,35.9869,15.3834,101.32,1.31821777,7.8298,0.3845,101.6511,3.132,44.268,3.6895,3.64,50.2473,3.75,1.3405,12.159,132.8994,8.6002,0.9546,32.48,6.3422,1.95876,3.6725,0.661594443,1,26.384
27-Apr-15,97.904,1.277628721,0.376,6.2842,9.900990099,2.9745,1.3325,1.2105,614.42,6.122,2461.17,25.343,6.8941,0.924043615,279.05,135.75,63.6115,12922.0,28372.0,3.931,118.94,185.8,1079.0,0.3019,1.9324,3.5645,35.8951,15.3213,101.7,1.31821777,7.7938,0.3845,101.7258,3.132,44.224,3.7115,3.64,51.469,3.75,1.3325,12.159,132.9,8.624,0.9557,32.621,6.3319,1.9483,3.6725,0.660807507,1,26.111
28-Apr-15,97.5804,1.269196599,0.376,6.2842,9.823182711,2.9236,1.3293,1.2021,611.08,6.1209,2419.81,25.14,6.8278,0.915164272,276.37,134.19,63.3305,12978.0,28371.0,3.894,119.1,185.8,1074.5,0.3019,1.9324,3.5575,35.8018,15.2225,101.58,1.309071868,7.6801,0.3845,101.8898,3.126,44.248,3.6751,3.64,52.3041,3.75,1.3293,11.9127,132.897,8.6161,0.9562,32.637,6.3425,1.949,3.6725,0.654065014,1,25.907
29-Apr-15,97.3704,1.251094708,0.376,6.2842,9.765625,2.8943,1.3204,1.1954,606.39,6.1169,2393.42,24.939,6.7823,0.90892565,274.01,133.25,63.2025,12964.0,28370.0,3.872,119.1,185.8,1070.9,0.30175,1.9324,3.559,35.6635,15.2043,101.15,1.293159188,7.6213,0.3845,101.765,3.118,44.259,3.6396,3.64,51.7029,3.75,1.3204,11.83135,132.9,8.5044,0.9549,32.69,6.3512,1.93769,3.6725,0.650702759,1,26.292
30-Apr-15,97.2128,1.252975818,0.376,6.2842,9.746588694,2.9375,1.323,1.2119,606.82,6.1137,2388.06,24.46,6.6546,0.891662951,270.37,131.12,63.578,12937.0,28241.0,3.861,118.51,185.8,1068.1,0.3015,1.9324,3.5705,35.4054,15.2225,101.11,1.313715187,7.4761,0.3845,101.7501,3.124,44.3,3.5987,3.64,51.1388,3.75,1.323,11.8266,132.9,8.3179,0.9357,32.872,6.3461,1.9283,3.6725,0.648256191,1,26.381
1-May-15,97.2128,1.265342275,0.376,6.2842,9.746588694,2.9375,1.323,1.2192,606.82,6.1137,2388.06,24.46,6.6546,0.891662951,270.37,131.12,63.578,12937.0,28241.0,3.858,119.65,185.8,1068.1,0.3015,1.9324,3.5705,35.4054,15.2225,101.11,1.318739285,7.4761,0.3845,101.7501,3.124,44.3,3.5987,3.64,51.1388,3.75,1.323,11.8266,132.9,8.3179,0.9357,32.872,6.3461,1.9283,3.6725,0.654578779,1,26.381
4-May-15,97.4605,1.276324186,0.376,6.2842,9.823182711,2.9936,1.332,1.2111,611.28,6.1165,2393.58,24.535,6.6935,0.896700143,272.53,132.09,63.578,13021.0,28400.0,3.89,119.65,185.8,1069.5,0.3015,1.9324,3.5705,35.0369,15.494,101.48,1.329433661,7.5888,0.3845,101.756,3.135,44.518,3.632,3.64,51.1388,3.75,1.332,12.04225,132.9,8.3869,0.9352,32.872,6.3363,1.9283,3.6725,0.654578779,1,26.479
5-May-15,97.4432,1.2667849,0.376,6.2842,9.813542689,3.0754,1.336,1.204,614.48,6.118,2408.17,24.61,6.7147,0.899523253,271.62,132.36,63.5194,12993.0,28430.0,3.879,119.65,185.8,1069.5,0.3018,1.9324,3.606,35.0344,15.3225,101.48,1.326787847,7.5987,0.3845,101.8008,3.144,44.653,3.6205,3.64,51.7574,3.75,1.336,12.02875,133.0714,8.3908,0.9337,32.872,6.3384,1.91851,3.6725,0.660851176,1,26.404
6-May-15,96.727,1.256755058,0.376,6.2842,9.784735812,3.0626,1.3277,1.2009,611.89,6.1156,2386.72,24.41,6.6472,0.89047195,271.36,131.11,63.6425,13040.0,28429.0,3.867,119.65,185.8,1080.5,0.30165,1.9324,3.568,34.8223,15.2825,101.54,1.336898396,7.4915,0.3845,101.7619,3.143,44.626,3.6116,3.64,49.9816,3.75,1.3277,11.9785,133.1,8.308,0.9238,33.256,6.3455,1.92177,3.6725,0.65681445,1,26.317
7-May-15,97.6674,1.252661907,0.376,6.2842,9.803921569,3.042,1.3285,1.2139,610.61,6.1113,2362.41,24.255,6.6021,0.884564352,270.13,130.44,63.88,13065.0,28428.0,3.865,119.4,185.8,1081.0,0.30145,1.9324,3.5945,34.8201,15.3397,102.71,1.334400854,7.3662,0.3845,101.7552,3.143,44.526,3.583,3.64,50.3615,3.75,1.3285,12.0135,133.3,8.2031,0.908,33.385,6.3499,1.92177,3.6725,0.657073395,1,26.381
8-May-15,97.8503,1.265662574,0.376,6.2842,9.775171065,3.0421,1.3328,1.2088,610.61,6.1147,2369.23,24.255,6.6517,0.891186169,269.96,132.14,64.0493,13177.0,28428.0,3.868,119.85,185.8,1086.6,0.30145,1.9324,3.5945,34.8506,15.1424,102.71,1.346257404,7.4695,0.3845,101.7555,3.147,44.65,3.6095,3.64,50.7511,3.75,1.3328,11.99825,133.3,8.2031,0.9244,33.548,6.3252,1.92177,3.6725,0.648340249,1,26.311
11-May-15,98.1116,1.268230818,0.376,6.2842,9.794319295,2.9966,1.3341,1.2105,605.77,6.1132,2360.58,24.582,6.6979,0.897504936,272.71,132.66,63.8495,13116.0,28500.0,3.872,119.75,185.8,1091.3,0.30195,1.9324,3.6015,34.9587,15.2624,102.3,1.350074254,7.561,0.3845,101.8029,3.15,44.69,3.6489,3.64,50.7511,3.75,1.3341,11.98685,133.3,8.2698,0.9318,33.594,6.3482,1.9196,3.6725,0.645994832,1,26.394
12-May-15,98.0534,1.261511291,0.376,6.2842,9.842519685,3.0175,1.3396,1.1987,606.92,6.1155,2381.53,24.374,6.6403,0.889758875,272.79,131.65,64.202,13203.0,28500.0,3.863,120.2,185.8,1089.9,0.30195,1.9324,3.625,35.0264,15.3211,102.28,1.361099769,7.4691,0.3845,101.8047,3.151,44.609,3.6447,3.64,50.914,3.75,1.3396,12.1212,133.4412,8.2656,0.9235,33.792,6.3546,1.9308,3.6725,0.638080653,1,26.461
13-May-15,98.0621,1.255177608,0.376,6.2842,9.727626459,3.0389,1.3351,1.1951,607.31,6.1123,2386.77,24.465,6.6509,0.891186169,272.03,131.93,64.1895,13188.0,28499.0,3.855,119.76,185.8,1096.2,0.30155,1.9324,3.6045,35.0385,15.2213,102.28,1.357404642,7.4476,0.3845,101.8047,3.151,44.796,3.63,3.64,49.5366,3.75,1.3351,11.93795,133.5,8.2855,0.9279,33.689,6.3612,1.9204,3.6725,0.637673766,1,26.457
14-May-15,97.8912,1.231223836,0.376,6.2842,9.727626459,3.0103,1.3209,1.1992,600.5,6.1093,2377.87,24.038,6.6509,0.875733427,269.99,131.93,63.838,13188.0,28498.0,3.819,119.0,185.8,1094.9,0.3011,1.9324,3.5725,34.9346,15.1235,102.46,1.324678765,7.4476,0.3845,101.8187,3.148,44.761,3.5921,3.64,50.0774,3.75,1.3209,11.81365,133.4,8.2855,0.9086,33.427,6.3584,1.9185,3.6725,0.633031588,1,26.56
15-May-15,98.1288,1.24331717,0.376,6.2842,9.718172983,3.0032,1.321,1.201,598.4,6.1085,2389.49,24.185,6.6509,0.882768362,269.86,130.62,63.5788,13090.0,28498.0,3.825,119.38,185.8,1093.6,0.3011,1.9324,3.5665,34.7851,15.0225,102.14,1.338150676,7.3927,0.3845,101.9201,3.145,44.569,3.5719,3.64,50.0115,3.75,1.321,11.83595,133.4,8.2394,0.9201,33.569,6.3342,1.912,3.6725,0.636010939,1,26.525
18-May-15,98.1024,1.247660636,0.376,6.2842,9.718172983,2.9894,1.3222,1.201,597.1,6.1079,2389.49,24.059,6.5537,0.878040214,268.89,129.5,63.5543,13116.0,28532.0,3.819,119.64,185.8,1089.2,0.30095,1.9324,3.572,34.6822,15.12,101.62,1.347345729,7.3593,0.3845,101.9875,3.149,44.512,3.555,3.64,49.2175,3.75,1.3222,11.87115,133.3125,8.2264,0.9175,33.46,6.3418,1.90757,3.6725,0.637592451,1,26.525
19-May-15,98.7666,1.24984377,0.376,6.2842,9.784735812,3.0145,1.328,1.2211,599.06,6.1098,2417.01,24.471,6.6717,0.894454383,273.43,132.2,63.6868,13183.0,28572.0,3.852,119.95,185.8,1085.5,0.30145,1.9324,3.585,34.6028,15.2008,101.76,1.357404642,7.4727,0.3845,101.9334,3.151,44.455,3.6152,3.64,49.1777,3.75,1.328,11.8647,133.3,8.2992,0.9305,33.391,6.3546,1.9148,3.6725,0.644329897,1,26.615
20-May-15,98.925,1.263423879,0.376,6.2842,9.756097561,3.0284,1.3361,1.2212,603.09,6.1125,2475.45,24.577,6.7097,0.899442346,276.3,133.32,63.8655,13169.0,28610.0,3.874,120.87,185.8,1090.9,0.30205,1.9324,3.609,34.6373,15.212,101.78,1.358142062,7.5531,0.3845,101.8974,3.156,44.527,3.6538,3.64,49.7919,3.75,1.3361,11.86895,133.4994,8.3882,0.9393,33.576,6.331,1.93761,3.6725,0.644288383,1,26.641
21-May-15,98.9118,1.265662574,0.376,6.2842,9.737098345,3.0347,1.3357,1.2201,603.09,6.1139,2503.37,24.57,6.6987,0.898230486,274.75,132.61,63.7,13150.0,28650.0,3.86,121.05,185.8,1095.2,0.30205,1.9324,3.606,34.8642,15.2326,102.05,1.366867141,7.5748,0.3845,101.9392,3.149,44.611,3.6605,3.64,49.9204,3.75,1.3357,11.7703,133.7,8.3397,0.9322,33.479,6.3504,1.94569,3.6725,0.637429883,1,26.734
22-May-15,98.6699,1.262148176,0.376,6.2842,9.765625,3.0295,1.3321,1.2288,605.41,6.1131,2489.39,24.543,6.6792,0.895736295,274.95,132.27,63.5728,13136.0,28650.0,3.873,121.04,185.8,1094.4,0.30205,1.9324,3.5875,35.0343,15.2918,101.86,1.355380862,7.5363,0.3845,101.9223,3.149,44.51,3.669,3.64,49.7901,3.75,1.3321,11.7934,133.7,8.2787,0.9304,33.39,6.3422,1.93472,3.6725,0.639181847,1,26.734
26-May-15,99.7257,1.277139208,0.376,6.2842,9.881422925,3.1212,1.3448,1.243,609.87,6.1172,2500.22,25.072,6.8231,0.915248032,283.25,135.14,63.845,13192.0,28780.0,3.875,121.74,185.8,1090.8,0.30265,1.9324,3.618,35.259,15.3235,101.75,1.368176221,7.6593,0.3845,101.9848,3.153,44.621,3.7898,3.64,50.3223,3.75,1.3448,12.0316,133.7,8.4582,0.9483,33.676,6.338,1.96073,3.6725,0.648760867,1,26.908
27-May-15,99.8841,1.289324394,0.376,6.2842,9.940357853,3.1351,1.3505,1.2485,612.62,6.1198,2542.53,25.226,6.8641,0.920556016,283.05,135.86,63.9475,13229.0,28830.0,3.875,122.99,185.8,1098.4,0.303,1.9324,3.6385,35.3938,15.3581,102.29,1.381597126,7.7561,0.3845,101.9853,3.154,44.69,3.7906,3.64,51.0178,3.75,1.3505,12.1383,133.9,8.4567,0.9502,33.784,6.3419,1.97113,3.6725,0.64998375,1,26.963
28-May-15,99.7653,1.297858533,0.376,6.2842,9.940357853,3.174,1.3508,1.2477,616.14,6.1202,2548.13,25.203,6.8464,0.917767988,282.54,134.92,63.901,13205.0,28829.0,3.88,123.7,185.8,1107.0,0.303,1.9324,3.65,35.4196,15.3737,102.25,1.38121547,7.7928,0.3845,101.9801,3.156,44.725,3.7858,3.64,52.2907,3.75,1.3508,12.122,133.9,8.4917,0.9464,33.797,6.3511,1.97576,3.6725,0.653936699,1,26.866
29-May-15,99.4794,1.304971943,0.376,6.2842,9.910802775,3.1748,1.3476,1.2465,617.45,6.1196,2549.97,24.978,6.8001,0.911577028,282.35,134.48,63.7615,13211.0,28829.0,3.876,123.75,185.95,1108.0,0.303,1.9324,3.6515,35.3632,15.3815,102.08,1.398992725,7.7812,0.3845,101.98,3.155,44.65,3.7671,3.64,52.9716,3.75,1.3476,12.181,133.9,8.4785,0.9417,33.718,6.3374,1.96097,3.6725,0.655823715,1,26.776
1-Jun-15,99.4969,1.307189542,0.376,6.2842,9.960159363,3.1788,1.3476,1.255,616.66,6.1207,2533.79,25.078,6.8154,0.91374269,284.17,134.97,63.6083,13230.0,28890.0,3.872,124.2,185.95,1107.6,0.3029,1.9324,3.6725,35.3128,15.4845,102.1,1.398992725,7.9555,0.3845,101.9646,3.156,44.567,3.785,3.64,52.8213,3.75,1.3476,12.2274,133.9,8.5743,0.9455,33.718,6.3181,1.963,3.6725,0.657635144,1,26.818
2-Jun-15,98.925,1.301405518,0.376,6.2842,9.960159363,3.1789,1.3554,1.2423,621.69,6.1225,2549.29,24.883,6.7631,0.906700517,281.74,133.9,63.833,13230.0,28950.0,3.862,125.0,185.95,1111.6,0.3031,1.9324,3.7001,35.3887,15.4128,101.87,1.406667604,7.8661,0.3845,101.8596,3.154,44.549,3.7676,3.64,53.4413,3.75,1.3554,12.2662,133.9,8.5523,0.9402,33.773,6.346,1.97,3.6725,0.656254102,1,26.754
3-Jun-15,98.9559,1.282215669,0.376,6.2842,9.950248756,3.1443,1.3469,1.2436,622.21,6.1176,2554.44,24.704,6.6999,0.898149811,280.32,132.82,63.8515,13196.0,28950.0,3.864,123.85,185.95,1114.5,0.3023,1.9324,3.679,35.3806,15.4833,102.3,1.390627173,7.8269,0.3845,101.8742,3.153,44.657,3.7108,3.64,53.059,3.75,1.3469,12.2908,133.9,8.4118,0.9369,33.687,6.3503,1.9551,3.6725,0.654278985,1,26.796
4-Jun-15,98.0253,1.294498382,0.376,6.2842,9.940357853,3.1184,1.3467,1.2477,626.01,6.1164,2571.92,24.263,6.5918,0.883626403,276.78,130.83,64.1775,13243.0,28950.0,3.836,124.32,185.95,1106.0,0.30215,1.9324,3.7015,35.2463,15.5347,102.47,1.400952648,7.7202,0.3845,101.888,3.147,44.657,3.7108,3.64,54.9908,3.75,1.3467,12.354,133.9,8.3356,0.9298,33.72,6.3536,1.9397,3.6725,0.647962159,1,26.754
5-Jun-15,98.2752,1.298869983,0.376,6.2842,10.08064516,3.1184,1.3476,1.2489,628.06,6.1181,2588.56,24.426,6.5918,0.891424496,276.78,132.24,63.8955,13288.0,28950.0,3.841,124.48,185.95,1109.9,0.30215,1.9324,3.7105,35.1,15.6958,102.59,1.40193467,7.8521,0.3845,101.9035,3.15,44.808,3.6949,3.64,56.2463,3.75,1.3476,12.56015,133.9,8.2873,0.9345,33.738,6.3536,1.9233,3.6725,0.653594771,1,26.794
8-Jun-15,98.319,1.298869983,0.376,6.2842,10.06036217,3.1684,1.3603,1.2435,635.61,6.1205,2623.66,24.56,6.6836,0.895896793,282.12,133.33,64.11,13360.0,28970.0,3.868,125.35,185.95,1112.1,0.3027,1.9324,3.7635,35.0593,15.6715,102.0,1.418640942,7.9081,0.3845,101.8925,3.151,44.911,3.7381,3.64,56.0435,3.75,1.3603,12.5566,133.8966,8.3747,0.9399,33.866,6.3241,1.94423,3.6725,0.656297171,1,26.687
9-Jun-15,98.2752,1.300052002,0.376,6.2842,10.0,3.119,1.3543,1.2317,633.7,6.1179,2623.66,24.328,6.632,0.888967908,277.14,132.49,63.936,13362.0,28969.0,3.833,124.45,185.95,1121.5,0.30205,1.9324,3.7635,34.9782,15.5645,102.55,1.403311816,7.8034,0.3845,101.8985,3.151,45.103,3.6975,3.64,55.91,3.75,1.3543,12.4456,133.8979,8.3027,0.9285,33.739,6.3155,1.9418,3.6725,0.653979465,1,26.643
10-Jun-15,98.0166,1.292991983,0.376,6.2842,9.930486594,3.0991,1.354,1.2267,626.55,6.1173,2569.17,24.22,6.6154,0.886603422,276.44,132.06,63.8849,13329.0,29011.0,3.827,124.4,186.05,1119.3,0.30205,1.9324,3.7575,34.9551,15.4779,102.26,1.399188471,7.7126,0.3845,101.9155,3.152,45.021,3.676,3.64,54.8219,3.75,1.354,12.34525,133.8,8.23,0.9297,33.699,6.3346,1.9371,3.6725,0.646705038,1,26.669
11-Jun-15,98.2664,1.288327751,0.376,6.2842,9.960159363,3.0843,1.344,1.2314,624.45,6.115,2523.0,24.331,6.643,0.89031339,277.62,132.53,63.891,13292.0,29010.0,3.828,122.97,186.05,1117.3,0.3019,1.9324,3.7355,34.9159,15.4409,102.14,1.425110446,7.8223,0.3845,101.8994,3.153,44.966,3.6817,3.64,54.5285,3.75,1.344,12.4773,133.7985,8.2526,0.9342,33.665,6.343,1.93033,3.6725,0.64653779,1,26.752
12-Jun-15,98.4402,1.292323598,0.376,6.2842,9.98003992,3.1514,1.3444,1.2304,631.98,6.1167,2538.55,24.328,6.65,0.891265597,279.06,133.12,64.0301,13317.0,29010.0,3.838,123.5,186.05,1110.4,0.3019,1.9324,3.7385,34.9307,15.4129,102.34,1.424298533,7.7496,0.3845,101.7712,3.153,44.966,3.7094,3.64,54.5285,3.75,1.3444,12.3896,133.7973,8.2318,0.9351,33.699,6.3296,1.93044,3.6725,0.64499484,1,26.744
15-Jun-15,98.2779,1.296848658,0.376,6.2842,9.970089731,3.1107,1.3479,1.2323,631.06,6.1169,2535.91,24.319,6.6498,0.891424496,278.42,132.74,64.0868,13333.0,29090.0,3.842,123.48,186.05,1111.9,0.30215,1.9324,3.7635,35.0559,15.4327,102.5,1.434308663,7.7661,0.3845,101.7522,3.156,45.039,3.6905,3.64,55.2679,3.75,1.3479,12.39275,134.0,8.2153,0.9334,33.716,6.3198,1.9422,3.6725,0.645244548,1,26.838
16-Jun-15,98.2523,1.289656951,0.376,6.2842,9.960159363,3.1036,1.3459,1.233,634.13,6.1155,2535.91,24.309,6.6494,0.891662951,277.93,132.16,64.1505,13333.0,29089.0,3.835,123.45,186.05,1116.2,0.30195,1.9324,3.7525,35.1112,15.4192,102.5,1.428367376,7.778,0.3845,101.7584,3.159,45.261,3.6933,3.64,54.0409,3.75,1.3459,12.39275,133.9987,8.1547,0.9311,33.692,6.3424,1.9421,3.6725,0.641683778,1,26.797
17-Jun-15,98.3313,1.29516902,0.376,6.2842,9.970089731,3.1082,1.3434,1.2308,633.69,6.1158,2531.72,24.148,6.6118,0.886603422,277.14,132.16,64.1135,13367.0,29127.0,3.842,123.43,186.05,1117.3,0.30195,1.9324,3.7508,35.1476,15.4199,102.54,1.43307538,7.7352,0.3845,101.7918,3.163,45.157,3.6873,3.64,53.8999,3.75,1.3434,12.43345,133.9995,8.1767,0.9289,33.689,6.3371,1.9421,3.6725,0.635202947,1,26.778
18-Jun-15,98.0537,1.292991983,0.376,6.2842,9.832841691,3.0989,1.3434,1.2209,637.8,6.1126,2550.43,23.92,6.542,0.876885303,272.98,130.75,63.8495,13341.0,29126.0,3.812,123.25,186.05,1117.6,0.3016,1.9324,3.7235,35.0755,15.2828,102.62,1.449275362,7.7438,0.3845,101.7658,3.161,45.138,3.6556,3.64,53.3301,3.75,1.3358,12.14715,133.9986,8.0842,0.9174,33.641,6.3476,1.9374,3.6725,0.628812174,1,26.712
19-Jun-15,98.3797,1.287830006,0.376,6.2842,9.881422925,3.0472,1.3341,1.2279,629.59,6.1104,2528.85,24.08,6.6033,0.885034074,276.58,131.39,63.8195,13324.0,29126.0,3.834,122.97,186.05,1109.9,0.3016,1.9324,3.7185,35.0104,15.3274,102.03,1.443626389,7.8109,0.3845,101.7658,3.165,45.017,3.6879,3.64,53.8006,3.75,1.3341,12.2399,134.2,8.0842,0.9234,33.666,6.3476,1.9215,3.6725,0.631193587,1,26.712
22-Jun-15,98.1859,1.283038235,0.376,6.2842,9.832841691,3.0788,1.3321,1.2288,632.31,6.1104,2548.2,23.981,6.5769,0.881445571,274.77,130.8,63.5098,13318.0,29159.0,3.833,123.07,186.05,1104.0,0.3014,1.9324,3.7325,34.9789,15.3072,101.69,1.446549978,7.7056,0.3845,101.8191,3.172,45.011,3.6799,3.64,53.5569,3.75,1.3321,12.14565,134.1,8.1114,0.9207,33.651,6.3476,1.93008,3.6725,0.632191175,1,26.774
23-Jun-15,98.9341,1.295840352,0.376,6.2842,9.891196835,3.0757,1.339,1.2327,630.64,6.1119,2537.68,24.266,6.6606,0.892538379,275.05,131.85,63.6406,13316.0,29200.0,3.779,123.62,186.05,1099.9,0.30195,1.9324,3.754,34.9671,15.4088,101.62,1.456876457,7.7878,0.3845,101.7726,3.178,45.026,3.704,3.64,54.2081,3.75,1.339,12.1731,133.9,8.171,0.9325,33.736,6.3236,1.92645,3.6725,0.63379389,1,26.847
24-Jun-15,98.987,1.294833614,0.376,6.2842,9.861932939,3.1042,1.342,1.2415,634.54,6.1142,2550.74,24.26,6.6547,0.891821992,276.52,132.12,63.66,13280.0,29235.0,3.761,123.88,186.05,1104.1,0.3021,1.9324,3.7525,34.9869,15.4555,101.74,1.457938475,7.8204,0.3845,101.8191,3.176,45.128,3.7103,3.64,54.0746,3.75,1.342,12.13105,133.9,8.2536,0.932,33.793,6.3547,1.93841,3.6725,0.634678853,1,26.828
25-Jun-15,98.912,1.291822762,0.376,6.2842,9.842519685,3.0852,1.3428,1.2347,632.82,6.1148,2566.66,24.297,6.657,0.892379083,278.89,131.99,63.6121,13323.0,29234.0,3.77,123.87,186.2,1108.4,0.3021,1.9324,3.7585,35.0703,15.4816,101.78,1.449065353,7.8168,0.3845,101.8051,3.168,45.145,3.7305,3.64,54.6026,3.75,1.3428,12.10835,133.8,8.2358,0.9393,33.787,6.3502,1.94211,3.6725,0.636496722,1,26.817
26-Jun-15,98.8723,1.295672454,0.376,6.2842,9.891196835,3.1015,1.3437,1.2359,631.81,6.1137,2556.21,24.306,6.6602,0.892697733,278.96,131.73,63.6042,13338.0,29234.0,3.792,123.53,186.2,1109.6,0.3021,1.9324,3.763,35.0692,15.5676,101.72,1.45158949,7.8316,0.3845,101.8043,3.169,45.143,3.7275,3.64,54.8126,3.75,1.3437,12.185,133.7126,8.254,0.9311,33.777,6.3475,1.94144,3.6725,0.635283654,1,26.853
29-Jun-15,99.0928,1.307360439,0.376,6.2842,9.910802775,3.1271,1.3437,1.2382,631.81,6.1168,2556.21,24.473,6.7012,0.898230486,281.94,132.54,63.917,13356.0,29320.0,3.8,122.99,186.2,1115.1,0.3023,1.9324,3.783,35.1549,15.6599,101.83,1.463271876,7.9103,0.3845,101.8139,3.169,45.142,3.7671,3.64,55.524,3.75,1.3521,12.2545,133.7,8.3459,0.9341,33.857,6.3526,1.9415,3.6725,0.637226789,1,26.966
30-Jun-15,98.8503,1.302083333,0.376,6.2842,9.871668312,3.139,1.3474,1.2474,634.58,6.1136,2585.11,24.347,6.6676,0.893734918,282.75,131.6,63.7549,13332.0,29319.0,3.769,122.45,186.2,1124.1,0.302,1.9324,3.7855,35.1536,15.6854,102.16,1.465845793,7.8568,0.3845,101.7895,3.174,45.2,3.7645,3.64,55.8413,3.75,1.3474,12.1983,133.7,8.2389,0.9302,33.773,6.3579,1.9569,3.6725,0.636213259,1,27.021
1-Jul-15,99.3353,1.296512382,0.376,6.2842,9.871668312,3.1026,1.3453,1.2474,639.04,6.1149,2598.68,24.557,6.7214,0.900900901,282.21,132.39,63.6223,13331.0,29360.0,3.777,122.65,186.2,1118.3,0.3022,1.9324,3.739,35.1961,15.7829,101.92,1.472970982,7.877,0.3845,101.7895,3.177,45.137,3.7625,3.64,55.4756,3.75,1.3453,12.2105,133.7,8.3027,0.9421,33.773,6.3443,1.9406,3.6725,0.638610384,1,27.142
2-Jul-15,99.2471,1.307360439,0.376,6.2842,9.930486594,3.1191,1.3517,1.2474,639.04,6.1171,2598.68,24.633,6.7417,0.903668896,283.69,132.74,63.5705,13337.0,29400.0,3.78,123.37,186.2,1118.5,0.30255,1.9324,3.7735,35.1985,15.7829,101.72,1.490979574,7.9478,0.3845,101.7952,3.177,45.074,3.7859,3.64,55.6555,3.75,1.3517,12.3091,133.7,8.413,0.9498,33.794,6.3558,1.9522,3.6725,0.641231164,1,27.142
6-Jul-15,99.547,1.334757074,0.376,6.2842,9.99000999,3.1271,1.3514,1.2626,636.39,6.1172,2642.97,24.633,6.7778,0.908430233,285.26,133.23,63.5785,13353.0,29440.0,3.776,122.55,186.2,1120.1,0.30245,1.9324,3.807,35.2893,15.753,101.51,1.497005988,8.0937,0.3845,101.7736,3.176,45.076,3.796,3.64,56.4112,3.75,1.3514,12.39635,133.6,8.4731,0.9455,33.833,6.3108,1.95601,3.6725,0.642756138,1,27.236
7-Jul-15,99.8248,1.335291761,0.376,6.2842,10.04016064,3.1431,1.3524,1.274,641.5,6.1166,2665.41,24.793,6.8259,0.914829384,287.95,133.87,63.3749,13313.0,29439.0,3.78,122.7,186.2,1126.3,0.30255,1.9324,3.806,35.3249,15.8281,101.56,1.497678598,8.2179,0.3845,101.7731,3.179,45.124,3.8313,3.64,57.2192,3.75,1.3524,12.47355,133.6,8.4929,0.9484,33.91,6.3357,1.96814,3.6725,0.646872372,1,27.43
8-Jul-15,99.4147,1.349709812,0.376,6.2842,10.05025126,3.1809,1.3565,1.2722,648.33,6.1175,2690.15,24.592,6.769,0.907111756,287.56,133.78,63.569,13346.0,29439.0,3.797,122.05,186.35,1129.6,0.30255,1.9324,3.807,35.4222,15.8174,101.48,1.506250941,8.2275,0.3845,101.7733,3.185,45.141,3.8225,3.64,57.2174,3.75,1.3565,12.5074,133.6,8.5104,0.9455,34.02,6.3445,1.97482,3.6725,0.650956907,1,27.54
9-Jul-15,99.4764,1.337077149,0.376,6.2842,10.03009027,3.2282,1.3506,1.2729,652.4,6.1151,2690.79,24.528,6.7507,0.9046499,286.83,133.83,63.5065,13347.0,29438.0,3.786,120.78,186.35,1135.7,0.3023,1.9324,3.8045,35.5052,15.7856,101.64,1.485663349,8.1586,0.3845,101.7659,3.179,45.232,3.829,3.64,56.9803,3.75,1.3506,12.45555,133.6,8.4773,0.9502,33.957,6.3509,1.97236,3.6725,0.650068257,1,27.4
10-Jul-15,98.8987,1.335826877,0.376,6.2842,9.98003992,3.2163,1.3487,1.2715,646.94,6.1153,2670.79,24.238,6.6721,0.894054537,281.07,132.27,63.3793,13304.0,29438.0,3.777,121.63,186.55,1136.2,0.3023,1.9324,3.7885,35.5277,15.7329,101.58,1.4803849,7.9575,0.3845,101.7275,3.176,45.17,3.7709,3.64,56.6685,3.75,1.3487,12.4089,133.6,8.4523,0.936,33.93,6.3325,1.97173,3.6725,0.644205373,1,27.337
13-Jul-15,99.4676,1.342462075,0.376,6.2842,10.04016064,3.1897,1.3518,1.2762,646.15,6.1133,2667.37,24.522,6.7539,0.905059281,280.43,133.3,63.4655,13309.0,29470.0,3.776,122.5,186.8,1130.0,0.3022,1.9324,3.8005,35.4426,15.7404,101.43,1.488095238,8.0582,0.3845,101.7494,3.176,45.154,3.7543,3.64,56.6079,3.75,1.3518,12.4917,133.6,8.41,0.947,33.98,6.3434,1.95078,3.6725,0.642714827,1,27.289
14-Jul-15,99.3662,1.346619984,0.376,6.2842,9.970089731,3.1594,1.3609,1.2748,647.68,6.1165,2693.54,24.55,6.765,0.906536125,282.46,133.95,63.4978,13320.0,29500.0,3.775,123.69,186.8,1131.5,0.3028,1.9324,3.8065,35.3907,15.6728,101.54,1.496781919,8.152,0.3845,101.7597,3.175,45.151,3.7645,3.64,56.9774,3.75,1.3609,12.3784,133.8,8.513,0.946,34.042,6.3552,1.96095,3.6725,0.642178269,1,27.336
15-Jul-15,99.7939,1.340123291,0.376,6.2842,10.0,3.123,1.361,1.2937,643.6,6.1152,2688.2,24.59,6.7789,0.908347716,281.88,133.95,63.3847,13329.0,29499.0,3.765,123.45,187.05,1139.4,0.30265,1.9324,3.8048,35.3554,15.747,101.58,1.488538255,8.1211,0.3845,101.7461,3.18,45.205,3.747,3.64,56.6642,3.75,1.361,12.34905,133.8,8.5264,0.9472,34.053,6.3594,1.96054,3.6725,0.639631572,1,27.449
16-Jul-15,100.1935,1.359064963,0.376,6.2842,10.03009027,3.1532,1.3669,1.2939,643.6,6.1173,2713.04,24.946,6.8664,0.920217171,283.27,135.44,63.4955,13329.0,29535.0,3.789,123.87,187.05,1141.5,0.3029,1.9324,3.8075,35.3464,15.8014,101.44,1.527183873,8.1513,0.3845,101.7151,3.177,45.2,3.7694,3.64,56.9504,3.75,1.3669,12.4288,133.7992,8.5255,0.9571,34.208,6.3631,1.96226,3.6725,0.640450877,1,27.433
17-Jul-15,100.1847,1.348799568,0.376,6.2842,10.01001001,3.1375,1.3669,1.2998,643.07,6.1192,2727.23,24.843,6.8529,0.918357976,283.46,135.45,63.4928,13329.0,29535.0,3.789,124.2,187.05,1148.4,0.3029,1.9324,3.8075,35.4172,15.9121,101.57,1.530924679,8.1555,0.3845,101.7151,3.18,45.2,3.7676,3.64,56.8423,3.75,1.3669,12.3375,133.8,8.5447,0.9589,34.176,6.3466,1.97516,3.6725,0.640902391,1,27.505
20-Jul-15,100.2774,1.358326542,0.376,6.2842,10.01001001,3.1832,1.3729,1.2982,644.9,6.1197,2751.88,24.94,6.8757,0.921489126,285.1,135.88,63.551,13329.0,29570.0,3.824,124.2,187.05,1146.3,0.3029,1.9324,3.807,35.4867,15.9856,101.55,1.534448366,8.1971,0.3845,101.7151,3.182,45.262,3.7868,3.64,56.8336,3.75,1.3729,12.4148,133.7994,8.6441,0.9629,34.32,6.3421,1.97516,3.6725,0.642549637,1,27.582
21-Jul-15,100.0346,1.360359135,0.376,6.2842,10.01001001,3.1832,1.3712,1.2961,649.3,6.1199,2751.88,24.908,6.8665,0.920217171,284.83,135.61,63.6506,13329.0,29569.0,3.809,124.36,187.05,1151.9,0.3033,1.9324,3.807,35.5899,15.9728,101.75,1.516300227,8.2051,0.3845,101.7151,3.179,45.259,3.7875,3.64,57.0025,3.75,1.3712,12.4018,133.8,8.6338,0.961,34.477,6.3382,1.98261,3.6725,0.643293664,1,27.507
22-Jul-15,100.0856,1.349527665,0.376,6.2842,10.0,3.1813,1.365,1.3026,651.17,6.1168,2765.1,24.827,6.8442,0.917262888,281.77,134.77,63.5283,13368.0,29568.0,3.809,123.8,187.05,1158.4,0.303,1.9324,3.7925,35.6118,16.095,101.76,1.509433962,8.1627,0.3845,101.8384,3.183,45.282,3.7629,3.64,57.0232,3.75,1.365,12.3448,133.7,8.5577,0.9598,34.562,6.3492,1.98288,3.6725,0.640779187,1,27.725
23-Jul-15,99.6968,1.356116084,0.376,6.2842,10.03009027,3.2094,1.3674,1.303,654.19,6.1172,2790.26,24.581,6.7837,0.909173561,280.95,134.44,63.7138,13394.0,29567.0,3.818,124.07,187.05,1152.6,0.303,1.9324,3.807,35.608,16.0988,101.66,1.512401694,8.1489,0.3845,101.8432,3.187,45.247,3.7559,3.64,57.3578,3.75,1.3674,12.4292,133.6988,8.5733,0.9551,34.827,6.3405,1.9726,3.6725,0.64131341,1,28.089
24-Jul-15,99.4771,1.370050692,0.376,6.2842,10.11122346,3.285,1.3709,1.306,654.29,6.1169,2807.36,24.72,6.821,0.914160344,283.48,134.8,63.8916,13448.0,29567.0,3.825,123.99,187.05,1162.3,0.303,1.9324,3.807,35.5372,16.2364,101.97,1.515610791,8.2233,0.3845,101.8181,3.187,45.349,3.7654,3.64,58.0374,3.75,1.3709,12.62495,133.6971,8.5929,0.9608,34.878,6.3199,1.96747,3.6725,0.645452785,1,28.089
27-Jul-15,98.9629,1.371930306,0.376,6.2842,10.1010101,3.3254,1.3695,1.3009,660.67,6.1176,2857.46,24.444,6.7476,0.904322662,281.34,133.7,64.0028,13453.0,29565.0,3.806,123.65,187.25,1164.6,0.30285,1.9324,3.8145,35.5024,16.2681,102.46,1.516530179,8.1769,0.3845,101.8649,3.187,45.466,3.7455,3.64,58.7816,3.75,1.3695,12.66155,133.6976,8.5364,0.9567,34.848,6.3201,1.97379,3.6725,0.644662197,1,28.401
28-Jul-15,99.1475,1.368738024,0.376,6.2842,10.06036217,3.3557,1.3661,1.2934,665.18,6.1154,2854.13,24.504,6.7678,0.907029478,279.94,134.13,64.027,13460.0,29564.0,3.774,123.13,187.25,1168.9,0.3026,1.9324,3.814,35.4661,16.2638,102.64,1.508750754,8.1828,0.3845,101.8312,3.187,45.536,3.7303,3.64,60.2231,3.75,1.3661,12.5641,133.7,8.5348,0.9653,34.885,6.3387,1.96095,3.6725,0.641395677,1,28.507
29-Jul-15,99.187,1.365933616,0.376,6.2842,10.05025126,3.3815,1.3637,1.2893,664.5,6.115,2855.44,24.539,6.7646,0.906618314,279.76,133.42,63.8943,13444.0,29563.0,3.782,123.54,187.45,1166.2,0.3026,1.9324,3.814,35.3946,16.214,102.29,1.489868892,8.1573,0.3845,101.8358,3.187,45.504,3.7471,3.64,59.7665,3.75,1.3637,12.5353,133.6,8.6025,0.9619,34.885,6.3398,1.95768,3.6725,0.63934531,1,28.304
30-Jul-15,99.5518,1.367053999,0.376,6.2842,10.13171226,3.3419,1.3704,1.3026,665.52,6.1165,2855.32,24.691,6.8105,0.912825194,281.2,134.48,64.0061,13468.0,29600.0,3.781,124.16,187.45,1157.9,0.3029,1.9324,3.814,35.3945,16.4512,102.17,1.505570611,8.1634,0.3845,101.8013,3.189,45.478,3.7754,3.64,58.9906,3.75,1.3704,12.74425,133.6,8.6489,0.9712,34.885,6.3494,1.9601,3.6725,0.640286849,1,28.373
31-Jul-15,99.5473,1.370989855,0.376,6.2842,10.09081736,3.3652,1.3728,1.3047,672.19,6.1172,2866.04,24.648,6.8036,0.911826388,282.63,134.34,64.0054,13481.0,29600.0,3.783,123.97,187.45,1166.3,0.3029,1.9324,3.8175,35.4029,16.0772,102.32,1.520450053,8.2078,0.3845,101.7981,3.186,45.618,3.7929,3.64,60.3458,3.75,1.3728,12.6556,133.6,8.6294,0.9623,35.176,6.3403,1.9752,3.6725,0.642095801,1,28.478
3-Aug-15,99.4199,1.370989855,0.376,6.2842,10.14198783,3.394,1.3731,1.3047,671.11,6.1169,2862.51,24.687,6.8135,0.913158616,280.36,134.34,63.9623,13492.0,29630.0,3.772,124.07,187.45,1169.4,0.3029,1.9324,3.842,35.4304,16.1129,102.62,1.517680983,8.2189,0.3845,101.8302,3.19,45.681,3.7705,3.64,62.4677,3.75,1.3731,12.732,133.6,8.6193,0.9672,35.042,6.3253,1.9715,3.6725,0.641025641,1,28.598
4-Aug-15,99.6741,1.356852103,0.376,6.2842,10.11122346,3.4425,1.3806,1.3125,678.44,6.1177,2902.98,24.649,6.8,0.911327805,280.86,133.97,63.9315,13495.0,29670.0,3.783,124.05,187.65,1165.2,0.303,1.9324,3.8675,35.4206,16.1736,102.34,1.523925632,8.2033,0.3845,101.8432,3.189,45.674,3.7792,3.64,62.9182,3.75,1.3806,12.64625,133.5,8.6513,0.9684,35.105,6.334,1.9721,3.6725,0.641190049,1,28.441
